CateringService_Name,Train_No,Service_Type,Menu_Description,Cost
"Jacobson, Chase and Davis",1,Meal,Healthy Grilled Options for Fitness Enthusiasts,23
Glover-Wright,2,Snack,Gourmet Finger Foods for Special Occasions,20
Cortez LLC,15,Snack,Indulge in the Richness of Fine Dining,25
"Gomez, Strickland and Brown",19,Snack,Decadent Chocolate Dessert Delight,8
White and Sons,7,Meal,Indulge in the Richness of Fine Dining,20
Gay-Bell,16,Meal,Healthy Grilled Options for Fitness Enthusiasts,9
Silva-Koch,11,Snack,Hearty and Wholesome Dinner Selection,19
"Gomez, Trujillo and Schaefer",19,Meal,Exquisite Mediterranean Flavors in Every Bite,18
Wright Group,8,Meal,Elevate Your Palate with Culinary Masterpieces,20
Phillips and Sons,14,Meal,Gourmet Finger Foods for Special Occasions,30
"Eaton, Perez and Jones",19,Snack,Elevate Your Palate with Culinary Masterpieces,9
Bryant and Sons,12,Meal,Satisfy Your Cravings with Our Signature Snacks,15
Lopez-Smith,8,Meal,Hearty and Wholesome Dinner Selection,6
Reid-Aguilar,3,Snack,A Symphony of Flavors in Every Course,24
Cox-Hull,1,Meal,Elevate Your Palate with Culinary Masterpieces,19
"Chavez, Yang and King",3,Snack,Gourmet Finger Foods for Special Occasions,19
Perez-Lane,15,Snack,Deliciously Curated Menu for Discerning Tastes,14
"Kaufman, Ford and Hill",14,Meal,A Symphony of Flavors in Every Course,9
Clark LLC,5,Meal,Satisfy Your Cravings with Our Signature Snacks,15
Morris-Davis,2,Meal,Healthy Grilled Options for Fitness Enthusiasts,10
"Butler, Jennings and Russell",13,Meal,Gourmet Finger Foods for Special Occasions,19
Blackwell-Martin,2,Snack,Gourmet Finger Foods for Special Occasions,11
"Campbell, Mccormick and Williamson",7,Meal,Elevate Your Palate with Culinary Masterpieces,17
Price Group,20,Meal,Savory and Satisfying Home-Style Meal,25
Meyers Inc,1,Snack,Healthy Grilled Options for Fitness Enthusiasts,18
"Gonzalez, Henry and Smith",5,Snack,A Symphony of Flavors in Every Course,22
Morrison-Thompson,2,Snack,Elevate Your Palate with Culinary Masterpieces,5
"Johnson, Hughes and Brandt",9,Meal,Innovative and Flavorful Meal Creations,15
"Gomez, Gonzalez and Frost",3,Meal,A Symphony of Flavors in Every Course,23
Martinez-Brown,2,Snack,Gourmet Finger Foods for Special Occasions,13
"Daniel, Wells and Walter",15,Snack,Vegetarian Delight with Fresh Herbs,19
"Hunter, Rodriguez and Mcgrath",2,Meal,Healthy Grilled Options for Fitness Enthusiasts,7
Collins Ltd,15,Meal,Healthy Grilled Options for Fitness Enthusiasts,11
"Strong, Thornton and Patel",8,Meal,A Symphony of Flavors in Every Course,18
"Arias, Schaefer and Mendoza",9,Meal,Elevate Your Palate with Culinary Masterpieces,20
Adams and Sons,13,Meal,Savory and Satisfying Home-Style Meal,18
Garner-Sanders,6,Meal,Crispy Snack Platter with Zesty Dips,16
Jones-Wright,17,Meal,Crispy Snack Platter with Zesty Dips,6
Carter Group,13,Meal,Indulge in the Richness of Fine Dining,12
Hernandez-Richardson,18,Snack,Gourmet Finger Foods for Special Occasions,28
Welch-Montes,9,Snack,Crispy Snack Platter with Zesty Dips,26
"Campbell, Levy and Hill",9,Meal,Sumptuous Feast with Culinary Delights,27
"Turner, Black and Byrd",9,Snack,Deliciously Curated Menu for Discerning Tastes,11
Clark-Bishop,1,Snack,Innovative and Flavorful Meal Creations,6
Huerta Ltd,8,Meal,Satisfy Your Cravings with Our Signature Snacks,17
"Lewis, Carpenter and Howard",16,Snack,Crispy Snack Platter with Zesty Dips,10
"Davis, Brown and Jefferson",6,Snack,Elevate Your Palate with Culinary Masterpieces,21
Rodriguez Ltd,3,Meal,Hearty and Wholesome Dinner Selection,8
"Thomas, York and Douglas",18,Meal,A Symphony of Flavors in Every Course,24
Alexander and Sons,19,Snack,Gourmet Finger Foods for Special Occasions,27
Potter Group,7,Snack,Gourmet Finger Foods for Special Occasions,5
Graves Inc,2,Snack,Decadent Chocolate Dessert Delight,27
Taylor-Spencer,15,Snack,Hearty and Wholesome Dinner Selection,24
Keith-Munoz,18,Snack,Elevate Your Palate with Culinary Masterpieces,14
"Hernandez, Melendez and Watson",9,Snack,Gourmet Finger Foods for Special Occasions,28
Underwood-Peterson,6,Meal,Healthy Grilled Options for Fitness Enthusiasts,19
Rivera Inc,12,Meal,Hearty and Wholesome Dinner Selection,6
Floyd-Jordan,7,Snack,Indulge in the Richness of Fine Dining,17
Herrera-Wood,2,Snack,Sumptuous Feast with Culinary Delights,8
"Bennett, Schneider and Miller",4,Snack,Satisfy Your Cravings with Our Signature Snacks,19
Rogers Ltd,20,Snack,Savory and Satisfying Home-Style Meal,18
Hodges Group,9,Snack,Healthy Grilled Options for Fitness Enthusiasts,23
"Wilson, Willis and Harrington",14,Meal,A Symphony of Flavors in Every Course,7
Campos-Smith,18,Snack,Satisfy Your Cravings with Our Signature Snacks,28
Robertson Inc,11,Snack,Savory and Satisfying Home-Style Meal,22
"Allen, Chavez and Perry",9,Meal,Healthy Grilled Options for Fitness Enthusiasts,17
"Nash, Scott and Morris",8,Snack,Deliciously Curated Menu for Discerning Tastes,9
Morgan-Santana,7,Meal,Crispy Snack Platter with Zesty Dips,5
Evans-Rosales,11,Meal,Indulge in the Richness of Fine Dining,16
Doyle-Smith,15,Snack,Elevate Your Palate with Culinary Masterpieces,7
Wise Ltd,17,Snack,Vegetarian Delight with Fresh Herbs,10
Figueroa-Martin,3,Meal,Elevate Your Palate with Culinary Masterpieces,19
Torres-Wilson,3,Meal,Savory and Satisfying Home-Style Meal,14
Bell-Gregory,4,Snack,Sumptuous Feast with Culinary Delights,27
"Burns, Parker and Joseph",18,Snack,A Symphony of Flavors in Every Course,12
Blair-Webb,2,Meal,Innovative and Flavorful Meal Creations,23
Banks Ltd,5,Snack,Sumptuous Feast with Culinary Delights,6
Howell LLC,11,Meal,Vegetarian Delight with Fresh Herbs,15
"Williams, Rasmussen and Elliott",18,Snack,A Symphony of Flavors in Every Course,13
"Carpenter, Harrison and Guzman",12,Snack,Crispy Snack Platter with Zesty Dips,17
"Jones, Garcia and Herring",15,Meal,Elevate Your Palate with Culinary Masterpieces,28
Young and Sons,14,Meal,A Symphony of Flavors in Every Course,8
Taylor PLC,8,Snack,Savory and Satisfying Home-Style Meal,23
Davis Inc,13,Meal,Crispy Snack Platter with Zesty Dips,8
Green-Phillips,9,Meal,Vegetarian Delight with Fresh Herbs,25
"Patton, Pennington and Owens",15,Meal,Crispy Snack Platter with Zesty Dips,13
Hall-Pratt,13,Snack,Crispy Snack Platter with Zesty Dips,20
Williams-Nelson,19,Meal,Elevate Your Palate with Culinary Masterpieces,24
"Farrell, Farley and Carey",6,Snack,A Symphony of Flavors in Every Course,27
"Mccormick, Molina and Smith",4,Meal,Exquisite Mediterranean Flavors in Every Bite,17
Sanchez-Wilson,2,Snack,Sumptuous Feast with Culinary Delights,9
Jones-Lutz,17,Snack,Crispy Snack Platter with Zesty Dips,19
"Hodge, Smith and Torres",19,Snack,Sumptuous Feast with Culinary Delights,20
"Griffin, Moody and Johnson",1,Meal,Hearty and Wholesome Dinner Selection,20
Warren-Franklin,4,Snack,Deliciously Curated Menu for Discerning Tastes,8
Scott PLC,18,Snack,A Symphony of Flavors in Every Course,26
"Jennings, Shaffer and Turner",5,Meal,Savory and Satisfying Home-Style Meal,28
"Lambert, Lozano and Rowland",11,Snack,Sumptuous Feast with Culinary Delights,6
Hunt LLC,5,Meal,Innovative and Flavorful Meal Creations,29
"Harris, House and Duran",13,Snack,Indulge in the Richness of Fine Dining,16
Curtis-Ross,5,Meal,Vegetarian Delight with Fresh Herbs,24
"Miller, King and Rodriguez",17,Meal,Gourmet Finger Foods for Special Occasions,20
Carter Inc,3,Snack,Sumptuous Feast with Culinary Delights,16
"Mitchell, Powell and Wallace",1,Snack,Indulge in the Richness of Fine Dining,26
Ballard PLC,7,Meal,Sumptuous Feast with Culinary Delights,12
Booth LLC,2,Snack,Healthy Grilled Options for Fitness Enthusiasts,7
"Gomez, Richards and Mccormick",7,Snack,Healthy Grilled Options for Fitness Enthusiasts,17
Franklin and Sons,14,Snack,Decadent Chocolate Dessert Delight,20
Barnes-Allen,20,Meal,Healthy Grilled Options for Fitness Enthusiasts,15
Anderson-Jones,18,Snack,Savory and Satisfying Home-Style Meal,15
Floyd Inc,20,Snack,Sumptuous Feast with Culinary Delights,17
Cooper and Sons,10,Meal,Hearty and Wholesome Dinner Selection,21
Nixon Inc,9,Meal,Healthy Grilled Options for Fitness Enthusiasts,16
Webster Inc,17,Meal,Vegetarian Delight with Fresh Herbs,15
Carson-Bell,1,Meal,Indulge in the Richness of Fine Dining,15
"Harmon, Graves and Johnson",11,Meal,Elevate Your Palate with Culinary Masterpieces,17
Figueroa-Coleman,2,Snack,Decadent Chocolate Dessert Delight,20
"Blanchard, Foster and Brown",14,Snack,Hearty and Wholesome Dinner Selection,23
"Rhodes, Jimenez and David",1,Meal,Innovative and Flavorful Meal Creations,30
Haynes-Sherman,6,Meal,Hearty and Wholesome Dinner Selection,25
"Jackson, Bond and Diaz",14,Snack,A Symphony of Flavors in Every Course,16
Watson PLC,16,Snack,Crispy Snack Platter with Zesty Dips,29
Harris and Sons,16,Snack,Indulge in the Richness of Fine Dining,5
Calderon-Mcintosh,3,Meal,A Symphony of Flavors in Every Course,20
Smith-Macdonald,14,Meal,Healthy Grilled Options for Fitness Enthusiasts,6
Navarro Group,19,Snack,Healthy Grilled Options for Fitness Enthusiasts,17
"Green, Dorsey and Ford",20,Snack,Vegetarian Delight with Fresh Herbs,12
"Carlson, Parker and Powers",4,Meal,Deliciously Curated Menu for Discerning Tastes,7
Meyer-Rowland,4,Meal,Vegetarian Delight with Fresh Herbs,5
Townsend PLC,2,Snack,Indulge in the Richness of Fine Dining,21
Armstrong PLC,13,Snack,Hearty and Wholesome Dinner Selection,26
"Buchanan, Friedman and Gomez",15,Snack,Innovative and Flavorful Meal Creations,9
Carey and Sons,9,Meal,Healthy Grilled Options for Fitness Enthusiasts,5
"Maldonado, Mendoza and Holden",1,Meal,Gourmet Finger Foods for Special Occasions,16
"Patel, Porter and Crosby",17,Snack,Decadent Chocolate Dessert Delight,28
"Clark, Bailey and West",11,Snack,Decadent Chocolate Dessert Delight,13
Morris PLC,15,Snack,Innovative and Flavorful Meal Creations,28
Ward-Rodriguez,17,Snack,Healthy Grilled Options for Fitness Enthusiasts,21
Brock Inc,15,Meal,Hearty and Wholesome Dinner Selection,28
Taylor-Miller,2,Snack,Healthy Grilled Options for Fitness Enthusiasts,16
Castillo PLC,10,Snack,Healthy Grilled Options for Fitness Enthusiasts,29
Brown and Sons,14,Snack,Hearty and Wholesome Dinner Selection,8
Mcclain LLC,4,Snack,Vegetarian Delight with Fresh Herbs,9
Wilcox and Sons,19,Snack,Decadent Chocolate Dessert Delight,9
Medina-Barry,18,Snack,Decadent Chocolate Dessert Delight,14
Walker Group,9,Snack,Vegetarian Delight with Fresh Herbs,15
Mclaughlin-Bartlett,20,Meal,Crispy Snack Platter with Zesty Dips,10
Miller-Mejia,9,Meal,Healthy Grilled Options for Fitness Enthusiasts,12
"Davis, Mcpherson and Reyes",4,Snack,Sumptuous Feast with Culinary Delights,25
"Gonzales, Robbins and Huang",5,Meal,Decadent Chocolate Dessert Delight,9
"Potter, Esparza and Brady",5,Meal,Vegetarian Delight with Fresh Herbs,19
"Bridges, Bryan and Diaz",11,Meal,Crispy Snack Platter with Zesty Dips,28
Dennis-Wallace,16,Snack,Satisfy Your Cravings with Our Signature Snacks,23
Watson-Mendoza,16,Snack,Vegetarian Delight with Fresh Herbs,6
Massey-Howard,13,Meal,Elevate Your Palate with Culinary Masterpieces,9
Jones Ltd,8,Snack,Indulge in the Richness of Fine Dining,20
Roberts PLC,10,Snack,Savory and Satisfying Home-Style Meal,24
"Todd, Rodriguez and Rios",18,Meal,Innovative and Flavorful Meal Creations,9
"Owens, Torres and Mccall",15,Meal,Satisfy Your Cravings with Our Signature Snacks,14
Mack Group,1,Snack,Sumptuous Feast with Culinary Delights,11
Miles LLC,7,Snack,Gourmet Finger Foods for Special Occasions,29
Hoover Group,3,Snack,Savory and Satisfying Home-Style Meal,20
Johnson PLC,14,Snack,A Symphony of Flavors in Every Course,21
Stark-Church,11,Meal,Gourmet Finger Foods for Special Occasions,21
Davidson Ltd,4,Meal,Elevate Your Palate with Culinary Masterpieces,11
Cooper LLC,16,Meal,Decadent Chocolate Dessert Delight,5
Underwood and Sons,20,Snack,Vegetarian Delight with Fresh Herbs,27
Brown-Marquez,3,Snack,A Symphony of Flavors in Every Course,17
Butler LLC,20,Meal,Savory and Satisfying Home-Style Meal,12
"Knapp, Hunt and Johnson",15,Snack,Exquisite Mediterranean Flavors in Every Bite,9
Martinez-White,8,Meal,A Symphony of Flavors in Every Course,6
"Fitzgerald, Perry and Anderson",8,Snack,Exquisite Mediterranean Flavors in Every Bite,28
"Hubbard, Davis and Anderson",2,Snack,Hearty and Wholesome Dinner Selection,19
Martin PLC,1,Snack,Vegetarian Delight with Fresh Herbs,24
"Tucker, Fernandez and Blevins",4,Snack,Sumptuous Feast with Culinary Delights,9
Mcbride LLC,2,Meal,A Symphony of Flavors in Every Course,10
Johnson-Lawson,13,Meal,Savory and Satisfying Home-Style Meal,23
Williams Group,17,Snack,Indulge in the Richness of Fine Dining,27
Smith Inc,20,Snack,Crispy Snack Platter with Zesty Dips,28
Zamora-Hart,1,Snack,A Symphony of Flavors in Every Course,12
White-Carroll,3,Snack,Healthy Grilled Options for Fitness Enthusiasts,21
Gomez Inc,19,Meal,Crispy Snack Platter with Zesty Dips,26
Palmer-Mccoy,10,Snack,Crispy Snack Platter with Zesty Dips,27
Macdonald-Wilson,3,Meal,Indulge in the Richness of Fine Dining,15
Robinson Group,6,Snack,Sumptuous Feast with Culinary Delights,17
Jones LLC,1,Snack,Sumptuous Feast with Culinary Delights,26
Barron-Deleon,11,Meal,Exquisite Mediterranean Flavors in Every Bite,20
Carey Inc,17,Snack,Innovative and Flavorful Meal Creations,12
"Brown, Orr and Jimenez",6,Meal,Satisfy Your Cravings with Our Signature Snacks,30
Welch Ltd,5,Snack,Innovative and Flavorful Meal Creations,23
"Griffin, Herman and Wells",13,Snack,Decadent Chocolate Dessert Delight,18
"Lee, Barnes and Torres",4,Snack,Innovative and Flavorful Meal Creations,21
Jimenez-Clark,6,Meal,Satisfy Your Cravings with Our Signature Snacks,27
Golden-Gibbs,14,Meal,A Symphony of Flavors in Every Course,28
Jones Inc,2,Meal,Exquisite Mediterranean Flavors in Every Bite,8
Holt-Krueger,5,Meal,Exquisite Mediterranean Flavors in Every Bite,26
Bennett-Martin,8,Meal,Healthy Grilled Options for Fitness Enthusiasts,27
"Collier, Conway and Ortiz",6,Snack,A Symphony of Flavors in Every Course,19
Smith-Jacobs,11,Snack,Healthy Grilled Options for Fitness Enthusiasts,16
Davis LLC,7,Snack,Gourmet Finger Foods for Special Occasions,20
"Contreras, Tucker and Thompson",14,Meal,Hearty and Wholesome Dinner Selection,12
"Richardson, Peters and Lara",1,Meal,Elevate Your Palate with Culinary Masterpieces,7
"Lewis, Schmidt and Lewis",5,Meal,Sumptuous Feast with Culinary Delights,29
"Smith, Smith and Webster",15,Snack,Indulge in the Richness of Fine Dining,17
Mcintosh-Allen,17,Meal,Decadent Chocolate Dessert Delight,7
Lee-Owens,6,Snack,Decadent Chocolate Dessert Delight,9
"May, Johnson and Grant",15,Meal,Indulge in the Richness of Fine Dining,22
Jones-Sharp,18,Meal,Hearty and Wholesome Dinner Selection,19
Becker-Diaz,1,Snack,Innovative and Flavorful Meal Creations,24
"Long, Wallace and Arellano",20,Snack,Elevate Your Palate with Culinary Masterpieces,22
Harris-Kennedy,13,Meal,Healthy Grilled Options for Fitness Enthusiasts,21
Watson LLC,8,Snack,Satisfy Your Cravings with Our Signature Snacks,19
"Solis, Young and Hernandez",3,Meal,A Symphony of Flavors in Every Course,6
Lindsey Group,2,Snack,Deliciously Curated Menu for Discerning Tastes,30
Rivera-Porter,16,Meal,Hearty and Wholesome Dinner Selection,16
Glass-Russell,1,Meal,Gourmet Finger Foods for Special Occasions,30
Rivera-Olson,13,Snack,Gourmet Finger Foods for Special Occasions,21
Lewis-Morales,15,Meal,Decadent Chocolate Dessert Delight,27
"Walker, Benjamin and Curry",7,Snack,Elevate Your Palate with Culinary Masterpieces,24
"Jackson, Juarez and Black",8,Meal,Elevate Your Palate with Culinary Masterpieces,26
"Austin, Bowers and Parsons",13,Meal,Crispy Snack Platter with Zesty Dips,23
"Krause, Robertson and Byrd",16,Snack,Exquisite Mediterranean Flavors in Every Bite,7
"Brown, Rodriguez and Foster",7,Snack,Healthy Grilled Options for Fitness Enthusiasts,20
"Chambers, Vargas and Miller",13,Snack,Exquisite Mediterranean Flavors in Every Bite,30
"Harris, Wilson and Thompson",20,Meal,Indulge in the Richness of Fine Dining,23
Payne and Sons,18,Meal,Exquisite Mediterranean Flavors in Every Bite,30
Miller-Davis,9,Meal,Innovative and Flavorful Meal Creations,22
Montes-Gibson,12,Meal,Healthy Grilled Options for Fitness Enthusiasts,13
Rogers PLC,19,Meal,Exquisite Mediterranean Flavors in Every Bite,15
Mitchell LLC,11,Snack,A Symphony of Flavors in Every Course,12
Norton LLC,4,Snack,Hearty and Wholesome Dinner Selection,5
Stephens Inc,8,Snack,Indulge in the Richness of Fine Dining,14
"Pennington, Allen and Hernandez",10,Snack,Crispy Snack Platter with Zesty Dips,8
"Wilson, Foley and Silva",14,Snack,Gourmet Finger Foods for Special Occasions,19
Sanford Inc,11,Snack,Savory and Satisfying Home-Style Meal,20
"Edwards, Collins and Farmer",17,Meal,Sumptuous Feast with Culinary Delights,13
Johnson-Romero,19,Meal,Exquisite Mediterranean Flavors in Every Bite,6
Barnett Group,13,Snack,Gourmet Finger Foods for Special Occasions,18
"Jones, Cherry and Hawkins",6,Snack,Savory and Satisfying Home-Style Meal,7
Freeman-Smith,9,Meal,A Symphony of Flavors in Every Course,6
"Brock, Cross and Alvarez",10,Snack,Indulge in the Richness of Fine Dining,12
"Davis, Shields and Zuniga",4,Snack,A Symphony of Flavors in Every Course,27
Hernandez-Mullins,15,Snack,Vegetarian Delight with Fresh Herbs,24
Melton PLC,20,Snack,Indulge in the Richness of Fine Dining,20
"Morales, Phelps and Griffith",7,Meal,Exquisite Mediterranean Flavors in Every Bite,7
"Cole, Dixon and Rush",7,Meal,Innovative and Flavorful Meal Creations,30
"Clark, Lawrence and Peters",11,Snack,Crispy Snack Platter with Zesty Dips,10
Perez-Roberts,3,Snack,Hearty and Wholesome Dinner Selection,9
"Nolan, Bolton and Simpson",4,Meal,Crispy Snack Platter with Zesty Dips,8
"Benson, Park and Walter",17,Meal,Innovative and Flavorful Meal Creations,9
Meyer-Morris,1,Snack,Healthy Grilled Options for Fitness Enthusiasts,22
"Warner, Johnson and Hutchinson",15,Snack,Gourmet Finger Foods for Special Occasions,22
Meadows-Williams,5,Snack,Gourmet Finger Foods for Special Occasions,22
"Wright, Burns and Edwards",5,Meal,A Symphony of Flavors in Every Course,10
"Mccormick, Burnett and Salazar",20,Snack,Indulge in the Richness of Fine Dining,7
Martinez-Gibbs,20,Meal,Sumptuous Feast with Culinary Delights,14
"Hammond, Waters and Acosta",1,Meal,Elevate Your Palate with Culinary Masterpieces,25
"Church, Garza and Montgomery",6,Meal,Exquisite Mediterranean Flavors in Every Bite,29
Robertson-Lee,8,Snack,Savory and Satisfying Home-Style Meal,22
Hardy-Williams,1,Meal,Healthy Grilled Options for Fitness Enthusiasts,13
Kemp-Evans,10,Snack,Exquisite Mediterranean Flavors in Every Bite,19
Caldwell-Davis,14,Snack,A Symphony of Flavors in Every Course,20
"Howard, Rodriguez and Marquez",20,Snack,Healthy Grilled Options for Fitness Enthusiasts,5
Benton-Baker,12,Meal,Exquisite Mediterranean Flavors in Every Bite,24
"Sutton, Carpenter and Snow",19,Meal,Innovative and Flavorful Meal Creations,7
Myers-Edwards,7,Snack,Healthy Grilled Options for Fitness Enthusiasts,27
Nguyen and Sons,3,Snack,Elevate Your Palate with Culinary Masterpieces,5
"Morris, Clark and Johnson",2,Meal,Indulge in the Richness of Fine Dining,22
"Holt, Gutierrez and Griffin",14,Snack,Crispy Snack Platter with Zesty Dips,11
Hicks PLC,20,Snack,Hearty and Wholesome Dinner Selection,22
Buck-Rodriguez,20,Snack,A Symphony of Flavors in Every Course,19
White-Vargas,20,Meal,Hearty and Wholesome Dinner Selection,15
"Lucas, Brown and Baldwin",5,Meal,Decadent Chocolate Dessert Delight,14
Fernandez-Murphy,5,Snack,Deliciously Curated Menu for Discerning Tastes,10
"Short, Ryan and Rivera",7,Snack,Deliciously Curated Menu for Discerning Tastes,16
"Cardenas, Green and Cobb",19,Meal,Healthy Grilled Options for Fitness Enthusiasts,15
"Salazar, Gordon and Evans",12,Meal,Deliciously Curated Menu for Discerning Tastes,6
"Davis, Brown and Weber",12,Snack,Sumptuous Feast with Culinary Delights,5
"Reyes, Shaw and Rodgers",11,Meal,Satisfy Your Cravings with Our Signature Snacks,29
"Roberts, Jenkins and Davis",2,Snack,Deliciously Curated Menu for Discerning Tastes,27
"Randall, Hall and Fletcher",15,Meal,Elevate Your Palate with Culinary Masterpieces,7
"Mcclure, Thomas and Jacobs",15,Snack,Innovative and Flavorful Meal Creations,5
Watkins LLC,17,Snack,Gourmet Finger Foods for Special Occasions,26
"Key, Richards and Davis",15,Meal,Healthy Grilled Options for Fitness Enthusiasts,5
Kerr-Clarke,10,Meal,Savory and Satisfying Home-Style Meal,22
Shields Ltd,12,Meal,Deliciously Curated Menu for Discerning Tastes,29
Chan-Ray,8,Snack,Savory and Satisfying Home-Style Meal,11
Graham and Sons,14,Meal,Gourmet Finger Foods for Special Occasions,7
Robinson-Hunter,15,Snack,Deliciously Curated Menu for Discerning Tastes,19
Mcdaniel-Wright,14,Snack,Indulge in the Richness of Fine Dining,18
Rogers-Gibbs,2,Meal,Gourmet Finger Foods for Special Occasions,17
"Smith, Schultz and Morrison",8,Meal,Satisfy Your Cravings with Our Signature Snacks,14
Ramirez PLC,2,Snack,Decadent Chocolate Dessert Delight,15
Cole-Arnold,15,Meal,Decadent Chocolate Dessert Delight,9
Hartman Group,8,Snack,Gourmet Finger Foods for Special Occasions,23
"Lewis, Hamilton and Gutierrez",17,Snack,Decadent Chocolate Dessert Delight,29
"Shannon, Simon and Thompson",6,Snack,Gourmet Finger Foods for Special Occasions,8
"Smith, Mcdonald and Jones",17,Snack,Exquisite Mediterranean Flavors in Every Bite,23
Williams-Miles,19,Meal,Sumptuous Feast with Culinary Delights,16
"Bailey, Moore and Schneider",8,Snack,Indulge in the Richness of Fine Dining,23
"Freeman, Barnes and Ramsey",13,Snack,Elevate Your Palate with Culinary Masterpieces,7
Arnold-Mitchell,1,Snack,Crispy Snack Platter with Zesty Dips,27
"Pena, Alexander and Oneill",4,Snack,Healthy Grilled Options for Fitness Enthusiasts,14
Mccormick-Green,12,Snack,Exquisite Mediterranean Flavors in Every Bite,7
Wright Ltd,18,Meal,Satisfy Your Cravings with Our Signature Snacks,26
Diaz-Townsend,14,Snack,Elevate Your Palate with Culinary Masterpieces,28
Pearson-Hamilton,8,Meal,Crispy Snack Platter with Zesty Dips,27
Morris-Chavez,20,Meal,Hearty and Wholesome Dinner Selection,21
Wolf and Sons,9,Meal,Savory and Satisfying Home-Style Meal,10
Myers LLC,18,Snack,A Symphony of Flavors in Every Course,29
"Lyons, Wilson and Harrison",15,Snack,Exquisite Mediterranean Flavors in Every Bite,10
"Pittman, Butler and Davis",5,Meal,Hearty and Wholesome Dinner Selection,12
"Diaz, Ellis and Gonzalez",7,Meal,Vegetarian Delight with Fresh Herbs,22
May-White,9,Snack,Crispy Snack Platter with Zesty Dips,17
Garcia PLC,11,Meal,Crispy Snack Platter with Zesty Dips,19
"Wise, Gray and Miller",14,Meal,A Symphony of Flavors in Every Course,7
Robinson-Foster,3,Meal,Crispy Snack Platter with Zesty Dips,16
"Grant, Edwards and Yoder",6,Snack,A Symphony of Flavors in Every Course,22
Horton LLC,7,Snack,Exquisite Mediterranean Flavors in Every Bite,6
Hancock-Russell,5,Snack,Indulge in the Richness of Fine Dining,14
Jefferson and Sons,3,Meal,Sumptuous Feast with Culinary Delights,5
Taylor-Carlson,5,Meal,A Symphony of Flavors in Every Course,30
"Hill, Mitchell and Yang",2,Meal,Gourmet Finger Foods for Special Occasions,25
Branch LLC,13,Meal,Deliciously Curated Menu for Discerning Tastes,22
Peters Inc,18,Snack,Gourmet Finger Foods for Special Occasions,20
Scott Group,8,Snack,Savory and Satisfying Home-Style Meal,10
Hammond and Sons,19,Meal,Vegetarian Delight with Fresh Herbs,25
Blanchard-Foley,10,Meal,Crispy Snack Platter with Zesty Dips,5
"Walker, Alvarez and Torres",17,Meal,Indulge in the Richness of Fine Dining,28
Potter-Copeland,2,Snack,Healthy Grilled Options for Fitness Enthusiasts,16
"Olson, Proctor and Prince",2,Snack,Satisfy Your Cravings with Our Signature Snacks,14
Burgess-Peters,20,Meal,Sumptuous Feast with Culinary Delights,17
Buckley-Arnold,2,Snack,Satisfy Your Cravings with Our Signature Snacks,5
"Hill, Clark and Garcia",14,Meal,Gourmet Finger Foods for Special Occasions,19
Hurley Inc,17,Meal,Deliciously Curated Menu for Discerning Tastes,30
Morris-Ruiz,17,Snack,Gourmet Finger Foods for Special Occasions,29
Williams LLC,20,Meal,Healthy Grilled Options for Fitness Enthusiasts,24
Price PLC,11,Meal,Hearty and Wholesome Dinner Selection,22
Thomas and Sons,8,Meal,Savory and Satisfying Home-Style Meal,11
"Clarke, Webb and Grant",10,Meal,Sumptuous Feast with Culinary Delights,13
Smith Ltd,13,Meal,Gourmet Finger Foods for Special Occasions,6
Stewart Inc,10,Snack,Sumptuous Feast with Culinary Delights,27
Freeman LLC,1,Meal,Deliciously Curated Menu for Discerning Tastes,10
Parrish-Salinas,17,Snack,A Symphony of Flavors in Every Course,17
Thornton-Wells,2,Meal,Deliciously Curated Menu for Discerning Tastes,7
Scott LLC,8,Meal,A Symphony of Flavors in Every Course,22
Reid-Daniels,6,Snack,Sumptuous Feast with Culinary Delights,29
Martin-Nichols,17,Snack,Satisfy Your Cravings with Our Signature Snacks,15
Velazquez-Miller,8,Snack,Decadent Chocolate Dessert Delight,12
Wilkinson Ltd,19,Meal,Satisfy Your Cravings with Our Signature Snacks,19
Archer LLC,20,Snack,Satisfy Your Cravings with Our Signature Snacks,30
Chang and Sons,12,Snack,Exquisite Mediterranean Flavors in Every Bite,17
Olson-Mcbride,11,Meal,Decadent Chocolate Dessert Delight,8
"Simmons, Marshall and Cole",6,Snack,Crispy Snack Platter with Zesty Dips,15
"Stone, Ramirez and Griffin",7,Snack,Indulge in the Richness of Fine Dining,7
"Owens, Lynch and Jackson",3,Snack,Gourmet Finger Foods for Special Occasions,27
"Schwartz, Jones and Munoz",4,Meal,Healthy Grilled Options for Fitness Enthusiasts,24
Duncan LLC,2,Snack,Hearty and Wholesome Dinner Selection,17
Fields-Lee,6,Snack,Healthy Grilled Options for Fitness Enthusiasts,16
"Vargas, Miller and Tyler",17,Snack,Innovative and Flavorful Meal Creations,18
"Frost, Jones and Miller",17,Meal,Savory and Satisfying Home-Style Meal,14
Banks-Rivera,14,Meal,Exquisite Mediterranean Flavors in Every Bite,14
"White, Nicholson and Hunt",6,Meal,Crispy Snack Platter with Zesty Dips,17
Swanson Group,4,Meal,Satisfy Your Cravings with Our Signature Snacks,24
Rivers-Lopez,16,Meal,Innovative and Flavorful Meal Creations,21
Little-Morse,3,Meal,Exquisite Mediterranean Flavors in Every Bite,21
Ward and Sons,14,Meal,Vegetarian Delight with Fresh Herbs,9
Reeves-Martin,19,Snack,Elevate Your Palate with Culinary Masterpieces,17
Marks and Sons,10,Snack,Gourmet Finger Foods for Special Occasions,10
Foster PLC,13,Meal,Elevate Your Palate with Culinary Masterpieces,25
"Tran, Martinez and Palmer",11,Snack,Crispy Snack Platter with Zesty Dips,28
Raymond Group,6,Meal,Hearty and Wholesome Dinner Selection,21
Hunter-Williams,11,Meal,Innovative and Flavorful Meal Creations,22
Martin-Roberts,8,Meal,Exquisite Mediterranean Flavors in Every Bite,18
Rodriguez Inc,19,Snack,Innovative and Flavorful Meal Creations,8
Hill-Tran,4,Snack,Healthy Grilled Options for Fitness Enthusiasts,6
"Robinson, Horton and Valencia",7,Meal,Decadent Chocolate Dessert Delight,25
Cruz-Scott,3,Meal,A Symphony of Flavors in Every Course,30
King PLC,19,Snack,Gourmet Finger Foods for Special Occasions,30
"Meza, Ruiz and Alvarado",5,Meal,Satisfy Your Cravings with Our Signature Snacks,10
Richards Ltd,19,Meal,Innovative and Flavorful Meal Creations,6
Coleman-Porter,6,Meal,Decadent Chocolate Dessert Delight,19
Jones PLC,17,Meal,Savory and Satisfying Home-Style Meal,13
Wood PLC,12,Meal,Hearty and Wholesome Dinner Selection,15
Jackson Inc,15,Meal,Gourmet Finger Foods for Special Occasions,20
Welch Ltd,20,Snack,Satisfy Your Cravings with Our Signature Snacks,10
Wilcox-Hill,5,Snack,Hearty and Wholesome Dinner Selection,24
"Lynch, Costa and Jones",9,Meal,Decadent Chocolate Dessert Delight,22
Griffin Ltd,17,Snack,Indulge in the Richness of Fine Dining,11
Fuentes-Evans,2,Snack,Sumptuous Feast with Culinary Delights,27
"Gaines, Frazier and Robinson",8,Snack,Decadent Chocolate Dessert Delight,17
"Coleman, Hart and Barnes",7,Snack,Exquisite Mediterranean Flavors in Every Bite,19
"Gibson, Melton and Becker",8,Meal,Crispy Snack Platter with Zesty Dips,20
Martin Ltd,6,Snack,Elevate Your Palate with Culinary Masterpieces,7
"Barber, Thompson and Curtis",6,Snack,Innovative and Flavorful Meal Creations,30
Davis Group,2,Snack,Gourmet Finger Foods for Special Occasions,27
Smith-Willis,20,Meal,Satisfy Your Cravings with Our Signature Snacks,11
Khan-Lewis,14,Meal,Savory and Satisfying Home-Style Meal,27
Wagner-Houston,20,Snack,A Symphony of Flavors in Every Course,28
Warner-Anderson,12,Meal,Healthy Grilled Options for Fitness Enthusiasts,19
Briggs PLC,7,Meal,Crispy Snack Platter with Zesty Dips,25
Williams PLC,1,Snack,Indulge in the Richness of Fine Dining,18
Jones LLC,2,Meal,A Symphony of Flavors in Every Course,29
Moreno Group,16,Snack,Hearty and Wholesome Dinner Selection,30
Woods-Castillo,5,Meal,Exquisite Mediterranean Flavors in Every Bite,9
Miller-Shaffer,16,Snack,Indulge in the Richness of Fine Dining,29
Hall-Miller,17,Snack,Elevate Your Palate with Culinary Masterpieces,22
"Flynn, Garcia and Benitez",4,Meal,Innovative and Flavorful Meal Creations,23
Ross-Cole,4,Snack,Satisfy Your Cravings with Our Signature Snacks,22
"Walker, Thompson and Stout",7,Meal,Gourmet Finger Foods for Special Occasions,20
Guzman-Duke,13,Snack,Deliciously Curated Menu for Discerning Tastes,6
Carter-Bowers,12,Meal,Exquisite Mediterranean Flavors in Every Bite,24
Best-Mclaughlin,14,Meal,Vegetarian Delight with Fresh Herbs,27
Smith Inc,2,Meal,Deliciously Curated Menu for Discerning Tastes,16
Garcia-Crawford,7,Snack,A Symphony of Flavors in Every Course,5
"Hall, Wilson and Hanna",6,Snack,Vegetarian Delight with Fresh Herbs,22
Todd-Young,14,Meal,Satisfy Your Cravings with Our Signature Snacks,8
Fuller and Sons,8,Snack,Hearty and Wholesome Dinner Selection,22
Sandoval and Sons,12,Snack,Healthy Grilled Options for Fitness Enthusiasts,25
Bradley Ltd,18,Snack,A Symphony of Flavors in Every Course,9
"Logan, Martinez and Haas",19,Snack,Deliciously Curated Menu for Discerning Tastes,7
Turner-Freeman,1,Snack,Savory and Satisfying Home-Style Meal,8
"Bridges, Collins and Ho",20,Snack,Savory and Satisfying Home-Style Meal,27
Spencer Group,2,Meal,Sumptuous Feast with Culinary Delights,23
Roberts Group,7,Snack,A Symphony of Flavors in Every Course,7
George PLC,18,Meal,Crispy Snack Platter with Zesty Dips,10
Nicholson-Arnold,4,Snack,Exquisite Mediterranean Flavors in Every Bite,29
Gonzalez Group,19,Meal,Savory and Satisfying Home-Style Meal,15
Hull-Anderson,12,Snack,Satisfy Your Cravings with Our Signature Snacks,11
Harrison-Yates,2,Snack,Exquisite Mediterranean Flavors in Every Bite,26
Williams-Parker,1,Snack,Vegetarian Delight with Fresh Herbs,13
"Montes, Burke and Dyer",19,Meal,Elevate Your Palate with Culinary Masterpieces,12
Bender LLC,20,Snack,Sumptuous Feast with Culinary Delights,6
"Edwards, Wallace and Lawrence",10,Snack,Innovative and Flavorful Meal Creations,11
"Coleman, Ortiz and Barnes",19,Snack,Deliciously Curated Menu for Discerning Tastes,7
Smith-Johns,19,Meal,Sumptuous Feast with Culinary Delights,19
Collins LLC,4,Meal,Healthy Grilled Options for Fitness Enthusiasts,12
"Davis, Nunez and Neal",6,Snack,Sumptuous Feast with Culinary Delights,10
"Lopez, Smith and Madden",12,Meal,Hearty and Wholesome Dinner Selection,24
Valentine and Sons,3,Meal,Gourmet Finger Foods for Special Occasions,29
Holland-Kim,12,Meal,Indulge in the Richness of Fine Dining,24
"Hall, Griffin and Reynolds",8,Meal,Vegetarian Delight with Fresh Herbs,25
"Berger, Cook and Noble",20,Snack,Vegetarian Delight with Fresh Herbs,22
"Morrison, Higgins and Barajas",7,Snack,Decadent Chocolate Dessert Delight,8
Richard Group,5,Meal,Indulge in the Richness of Fine Dining,30
"Johnson, Ramos and Townsend",18,Snack,Deliciously Curated Menu for Discerning Tastes,20
"Glenn, Morrison and Taylor",20,Snack,Savory and Satisfying Home-Style Meal,27
Shea Inc,1,Snack,Exquisite Mediterranean Flavors in Every Bite,22
Potter Inc,12,Snack,Crispy Snack Platter with Zesty Dips,24
Krause-Powell,7,Meal,Hearty and Wholesome Dinner Selection,17
Marks-Simon,12,Meal,Innovative and Flavorful Meal Creations,17
Murphy and Sons,18,Snack,Innovative and Flavorful Meal Creations,5
Klein-Morgan,5,Meal,Exquisite Mediterranean Flavors in Every Bite,5
Schroeder-Miller,11,Meal,Sumptuous Feast with Culinary Delights,12
"Dunn, Garcia and Edwards",12,Meal,Innovative and Flavorful Meal Creations,10
"Schneider, Schwartz and Ramirez",9,Meal,Satisfy Your Cravings with Our Signature Snacks,15
Wells-Mcdaniel,10,Meal,Crispy Snack Platter with Zesty Dips,20
"Rollins, Adams and Mcpherson",9,Snack,A Symphony of Flavors in Every Course,5
Gardner-Morgan,12,Snack,A Symphony of Flavors in Every Course,22
Williamson-Reese,18,Meal,Deliciously Curated Menu for Discerning Tastes,10
Glover-Paul,16,Meal,Healthy Grilled Options for Fitness Enthusiasts,28
"Fuller, Walker and Rich",16,Snack,Vegetarian Delight with Fresh Herbs,14
Gaines-Mason,11,Meal,Vegetarian Delight with Fresh Herbs,28
Smith Inc,20,Snack,Hearty and Wholesome Dinner Selection,22
"Berry, Wilson and Harris",1,Meal,Elevate Your Palate with Culinary Masterpieces,27
Johnson-Jackson,19,Meal,A Symphony of Flavors in Every Course,6
"Wright, Peterson and Schmidt",6,Snack,Savory and Satisfying Home-Style Meal,6
Brown PLC,4,Snack,Exquisite Mediterranean Flavors in Every Bite,22
Coleman-Hill,16,Snack,Hearty and Wholesome Dinner Selection,10
"Larson, Richardson and Burgess",2,Meal,Deliciously Curated Menu for Discerning Tastes,13
"Ryan, Garcia and Garrett",11,Meal,Decadent Chocolate Dessert Delight,15
Fernandez PLC,20,Meal,Elevate Your Palate with Culinary Masterpieces,27
"Davis, Hill and Valdez",17,Meal,Gourmet Finger Foods for Special Occasions,5
"Thomas, Lee and Fuller",13,Meal,Decadent Chocolate Dessert Delight,11
Ramos-Ross,9,Meal,Vegetarian Delight with Fresh Herbs,8
"Gonzalez, Morris and Williams",20,Snack,Deliciously Curated Menu for Discerning Tastes,7
Huynh PLC,15,Meal,Indulge in the Richness of Fine Dining,28
"Hamilton, Edwards and Bell",2,Meal,Satisfy Your Cravings with Our Signature Snacks,24
Austin PLC,12,Snack,Exquisite Mediterranean Flavors in Every Bite,15
Jones LLC,3,Meal,Healthy Grilled Options for Fitness Enthusiasts,13
Navarro-Lucas,13,Snack,Sumptuous Feast with Culinary Delights,28
"Mcdaniel, Ellison and Wall",18,Snack,A Symphony of Flavors in Every Course,25
"Rivers, Church and Fisher",1,Snack,Vegetarian Delight with Fresh Herbs,29
"Rodriguez, Hill and Allen",20,Snack,A Symphony of Flavors in Every Course,14
Frank PLC,7,Snack,Deliciously Curated Menu for Discerning Tastes,17
"Vaughn, Brown and Wang",3,Snack,Hearty and Wholesome Dinner Selection,8
Fields Ltd,20,Meal,Indulge in the Richness of Fine Dining,20
Silva Ltd,1,Snack,Vegetarian Delight with Fresh Herbs,21
"Blake, Moore and Clark",8,Meal,Deliciously Curated Menu for Discerning Tastes,18
Adams-Hernandez,1,Meal,Hearty and Wholesome Dinner Selection,24
"Rodriguez, Mcdonald and Jackson",11,Meal,Gourmet Finger Foods for Special Occasions,5
"Allen, Hall and Hoover",11,Snack,Elevate Your Palate with Culinary Masterpieces,9
Rodriguez Group,13,Snack,Savory and Satisfying Home-Style Meal,9
Stanley Group,18,Meal,A Symphony of Flavors in Every Course,10
"Moore, Peck and Russell",17,Snack,Exquisite Mediterranean Flavors in Every Bite,5
Jenkins Group,14,Snack,Satisfy Your Cravings with Our Signature Snacks,23
"Knapp, Webb and Morgan",4,Meal,Sumptuous Feast with Culinary Delights,25
Parker Group,19,Meal,Indulge in the Richness of Fine Dining,6
"James, Wood and Williams",17,Meal,Gourmet Finger Foods for Special Occasions,10
Mcguire LLC,7,Meal,Savory and Satisfying Home-Style Meal,11
"Mcdonald, Powers and Campbell",14,Snack,Savory and Satisfying Home-Style Meal,8
Jordan-Faulkner,18,Snack,Hearty and Wholesome Dinner Selection,16
"Perez, Cook and Robinson",15,Meal,Deliciously Curated Menu for Discerning Tastes,29
"Vaughan, Marsh and Randall",4,Snack,Exquisite Mediterranean Flavors in Every Bite,23
King Ltd,14,Meal,Gourmet Finger Foods for Special Occasions,18
"Landry, Wright and Adams",5,Snack,Decadent Chocolate Dessert Delight,26
"Carroll, Guzman and Leonard",12,Snack,Innovative and Flavorful Meal Creations,20
Hale and Sons,11,Snack,Sumptuous Feast with Culinary Delights,10
Hernandez Ltd,3,Snack,Healthy Grilled Options for Fitness Enthusiasts,8
Smith-Ellison,20,Meal,A Symphony of Flavors in Every Course,13
Smith-Zuniga,15,Snack,Crispy Snack Platter with Zesty Dips,14
Porter and Sons,7,Snack,Crispy Snack Platter with Zesty Dips,10
Stephenson Group,4,Snack,Exquisite Mediterranean Flavors in Every Bite,14
Cruz and Sons,6,Snack,Exquisite Mediterranean Flavors in Every Bite,16
"Ross, Whitaker and Harris",2,Meal,Healthy Grilled Options for Fitness Enthusiasts,19
Russell Group,3,Meal,Sumptuous Feast with Culinary Delights,27
Johnson Inc,14,Meal,Indulge in the Richness of Fine Dining,10
"Wilkins, Walters and Holmes",9,Meal,Innovative and Flavorful Meal Creations,25
"Townsend, Mahoney and Allen",11,Snack,Satisfy Your Cravings with Our Signature Snacks,6
Santos-Wright,5,Meal,Deliciously Curated Menu for Discerning Tastes,12
"Ruiz, Ramirez and Hooper",5,Snack,Savory and Satisfying Home-Style Meal,8
Hines-Randall,17,Meal,Exquisite Mediterranean Flavors in Every Bite,22
Jones Ltd,6,Meal,Gourmet Finger Foods for Special Occasions,8
Rodriguez-Smith,11,Snack,A Symphony of Flavors in Every Course,20
Anderson PLC,15,Snack,Innovative and Flavorful Meal Creations,20
Sampson LLC,17,Snack,Crispy Snack Platter with Zesty Dips,6
"Carlson, Morris and Harris",20,Snack,Elevate Your Palate with Culinary Masterpieces,26
"Vega, Johnston and Baker",16,Snack,Innovative and Flavorful Meal Creations,26
"Pearson, Ramirez and Miller",4,Snack,Hearty and Wholesome Dinner Selection,21
Griffin-Johnson,14,Snack,Exquisite Mediterranean Flavors in Every Bite,29
Knapp Group,3,Meal,Innovative and Flavorful Meal Creations,7
Williams-Ross,6,Meal,Exquisite Mediterranean Flavors in Every Bite,19
Hudson Group,18,Snack,Vegetarian Delight with Fresh Herbs,25
"Wilkinson, Watts and Sparks",6,Meal,Deliciously Curated Menu for Discerning Tastes,9
"Saunders, Brown and Hooper",12,Snack,Crispy Snack Platter with Zesty Dips,9
Marsh-Day,18,Snack,Decadent Chocolate Dessert Delight,6
Rose-Price,16,Meal,Elevate Your Palate with Culinary Masterpieces,16
Lee-Mccann,16,Snack,Crispy Snack Platter with Zesty Dips,10
Gallegos PLC,11,Snack,Elevate Your Palate with Culinary Masterpieces,6
"Valenzuela, May and Garcia",19,Meal,Savory and Satisfying Home-Style Meal,27
"Hampton, Rich and Donovan",7,Snack,Sumptuous Feast with Culinary Delights,5
Gonzalez-Crane,12,Snack,Exquisite Mediterranean Flavors in Every Bite,12
Burton-Robbins,17,Meal,Vegetarian Delight with Fresh Herbs,19
"Lewis, Snyder and Austin",16,Meal,Deliciously Curated Menu for Discerning Tastes,26
Phillips-Munoz,10,Meal,Savory and Satisfying Home-Style Meal,13
Burns PLC,18,Snack,Crispy Snack Platter with Zesty Dips,25
Davidson-Tran,14,Meal,Vegetarian Delight with Fresh Herbs,8
Greer-Flores,19,Meal,Crispy Snack Platter with Zesty Dips,30
Charles and Sons,6,Snack,Indulge in the Richness of Fine Dining,24
"Taylor, Smith and Lewis",17,Meal,Decadent Chocolate Dessert Delight,16
"Davidson, Mays and Smith",12,Meal,Elevate Your Palate with Culinary Masterpieces,24
Pierce-Pratt,13,Meal,Elevate Your Palate with Culinary Masterpieces,29
Diaz Group,19,Meal,Deliciously Curated Menu for Discerning Tastes,13
Thompson Group,10,Snack,Gourmet Finger Foods for Special Occasions,24
Jenkins and Sons,8,Meal,Decadent Chocolate Dessert Delight,14
"Stewart, Carlson and Weaver",14,Snack,Sumptuous Feast with Culinary Delights,11
Farley LLC,14,Meal,Sumptuous Feast with Culinary Delights,21
Griffin-Ramirez,11,Meal,Sumptuous Feast with Culinary Delights,7
Hill and Sons,4,Snack,Healthy Grilled Options for Fitness Enthusiasts,5
Garcia Ltd,20,Snack,Healthy Grilled Options for Fitness Enthusiasts,30
"Mullen, Kelly and Arnold",7,Snack,Elevate Your Palate with Culinary Masterpieces,24
"Esparza, Allen and Bell",3,Meal,Deliciously Curated Menu for Discerning Tastes,25
"Gonzalez, Collins and Adams",13,Meal,A Symphony of Flavors in Every Course,20
"Guerrero, Sanchez and Payne",5,Snack,Decadent Chocolate Dessert Delight,19
Ford-Jones,8,Meal,Crispy Snack Platter with Zesty Dips,30
Jones-Mcmillan,20,Meal,Satisfy Your Cravings with Our Signature Snacks,25
Kelly-Todd,4,Meal,Satisfy Your Cravings with Our Signature Snacks,19
Whitney-Thomas,7,Meal,Exquisite Mediterranean Flavors in Every Bite,10
"Simpson, Green and Ramirez",17,Snack,Gourmet Finger Foods for Special Occasions,28
Smith Inc,19,Meal,Vegetarian Delight with Fresh Herbs,6
Herrera PLC,14,Snack,Innovative and Flavorful Meal Creations,24
"Arias, Sparks and Wilcox",6,Meal,Vegetarian Delight with Fresh Herbs,16
"Warren, Martinez and Cook",4,Meal,A Symphony of Flavors in Every Course,26
Dixon-Jimenez,3,Meal,Vegetarian Delight with Fresh Herbs,15
Thomas Inc,14,Snack,Vegetarian Delight with Fresh Herbs,5
"Lee, Woods and Vaughn",13,Meal,Exquisite Mediterranean Flavors in Every Bite,24
"Marks, Phillips and Garrett",14,Meal,Satisfy Your Cravings with Our Signature Snacks,13
"Vaughn, Brady and King",10,Snack,Crispy Snack Platter with Zesty Dips,14
"Mills, Harvey and Shaw",9,Snack,Healthy Grilled Options for Fitness Enthusiasts,9
Perry-Flores,5,Meal,Decadent Chocolate Dessert Delight,30
"Lewis, Gonzalez and Mack",9,Snack,Healthy Grilled Options for Fitness Enthusiasts,8
Gay PLC,15,Meal,Indulge in the Richness of Fine Dining,29
Ray PLC,4,Meal,Healthy Grilled Options for Fitness Enthusiasts,12
Marquez-Macdonald,5,Meal,Elevate Your Palate with Culinary Masterpieces,8
Hudson-Arnold,5,Snack,Deliciously Curated Menu for Discerning Tastes,10
Castillo Ltd,14,Meal,Sumptuous Feast with Culinary Delights,21
Conley Group,15,Snack,Exquisite Mediterranean Flavors in Every Bite,20
"Everett, Rose and Aguilar",2,Meal,A Symphony of Flavors in Every Course,11
"Aguilar, Garcia and Miller",1,Snack,Indulge in the Richness of Fine Dining,14
"Johnson, Cantu and Davis",11,Meal,A Symphony of Flavors in Every Course,27
Lucas Ltd,17,Snack,Decadent Chocolate Dessert Delight,8
Fischer PLC,6,Snack,Exquisite Mediterranean Flavors in Every Bite,25
Patterson-Hill,18,Meal,Satisfy Your Cravings with Our Signature Snacks,10
"Martin, Perry and Gibson",10,Meal,Hearty and Wholesome Dinner Selection,9
Clark LLC,10,Snack,Sumptuous Feast with Culinary Delights,29
"Hawkins, Hernandez and Barber",2,Meal,Hearty and Wholesome Dinner Selection,26
"Hart, Nash and Boyer",18,Snack,Elevate Your Palate with Culinary Masterpieces,28
Franklin-Smith,10,Meal,Sumptuous Feast with Culinary Delights,25
"Schwartz, Pena and Davidson",6,Meal,Hearty and Wholesome Dinner Selection,12
Cunningham-Morrow,3,Snack,Satisfy Your Cravings with Our Signature Snacks,10
Smith Ltd,19,Meal,Deliciously Curated Menu for Discerning Tastes,7
"Johnson, Miller and Meyer",19,Meal,Hearty and Wholesome Dinner Selection,29
"Frazier, Williams and Beck",10,Snack,Hearty and Wholesome Dinner Selection,12
"Day, Hawkins and Moreno",17,Snack,Vegetarian Delight with Fresh Herbs,12
Gaines PLC,13,Meal,Innovative and Flavorful Meal Creations,10
Gay-Daniels,12,Meal,Exquisite Mediterranean Flavors in Every Bite,5
Myers Group,17,Snack,Deliciously Curated Menu for Discerning Tastes,9
Hanna LLC,6,Meal,Sumptuous Feast with Culinary Delights,27
"Benton, Pratt and Hernandez",16,Snack,Exquisite Mediterranean Flavors in Every Bite,12
Atkinson-Weeks,16,Snack,A Symphony of Flavors in Every Course,20
Hodges Ltd,1,Meal,Healthy Grilled Options for Fitness Enthusiasts,16
"Downs, Harris and Parker",6,Snack,Innovative and Flavorful Meal Creations,22
Allen-Davis,9,Snack,Indulge in the Richness of Fine Dining,26
Wilson LLC,17,Meal,Innovative and Flavorful Meal Creations,10
Hays Group,7,Snack,Healthy Grilled Options for Fitness Enthusiasts,22
Ibarra LLC,5,Meal,Crispy Snack Platter with Zesty Dips,18
Alvarado PLC,12,Snack,Innovative and Flavorful Meal Creations,9
Sanders and Sons,19,Meal,Satisfy Your Cravings with Our Signature Snacks,15
French Group,14,Meal,Crispy Snack Platter with Zesty Dips,23
Brown Inc,20,Meal,A Symphony of Flavors in Every Course,28
Harrison-Nichols,16,Snack,Savory and Satisfying Home-Style Meal,14
Whitaker-Bailey,15,Snack,A Symphony of Flavors in Every Course,12
Baker Inc,10,Meal,Decadent Chocolate Dessert Delight,9
Burns-Williams,2,Snack,Savory and Satisfying Home-Style Meal,20
Martin-Serrano,20,Snack,Crispy Snack Platter with Zesty Dips,14
"Carson, Brewer and Ross",4,Meal,A Symphony of Flavors in Every Course,30
Johnson-Chavez,9,Meal,Indulge in the Richness of Fine Dining,28
"Casey, Grimes and Klein",20,Snack,Crispy Snack Platter with Zesty Dips,22
"Dixon, Carey and Sherman",9,Meal,Indulge in the Richness of Fine Dining,11
Harris-Robinson,17,Meal,Gourmet Finger Foods for Special Occasions,15
"Ramirez, White and Carter",6,Meal,Satisfy Your Cravings with Our Signature Snacks,23
Anderson and Sons,14,Meal,Elevate Your Palate with Culinary Masterpieces,6
"Cochran, Mcfarland and Reeves",7,Snack,Exquisite Mediterranean Flavors in Every Bite,27
"Hicks, Burns and Gonzalez",4,Snack,Crispy Snack Platter with Zesty Dips,28
"Donovan, Nguyen and Hebert",16,Snack,Healthy Grilled Options for Fitness Enthusiasts,11
Fuentes-Medina,6,Snack,Innovative and Flavorful Meal Creations,8
"Lopez, Morse and Foster",4,Snack,Crispy Snack Platter with Zesty Dips,12
"Bennett, Williamson and Cox",4,Snack,Sumptuous Feast with Culinary Delights,5
Mercado PLC,1,Meal,Healthy Grilled Options for Fitness Enthusiasts,8
"Charles, Thomas and Ross",14,Snack,Innovative and Flavorful Meal Creations,15
Collins Group,19,Meal,Decadent Chocolate Dessert Delight,22
"Gordon, Rodriguez and Guzman",2,Meal,Deliciously Curated Menu for Discerning Tastes,27
Schultz and Sons,4,Meal,Sumptuous Feast with Culinary Delights,16
Mcconnell-Moore,3,Meal,Innovative and Flavorful Meal Creations,26
Johnston and Sons,10,Snack,Vegetarian Delight with Fresh Herbs,24
Williams Ltd,2,Meal,Exquisite Mediterranean Flavors in Every Bite,24
Turner Ltd,2,Meal,Gourmet Finger Foods for Special Occasions,7
Hansen-Curtis,15,Meal,Hearty and Wholesome Dinner Selection,5
Powers-Daniels,20,Meal,Exquisite Mediterranean Flavors in Every Bite,28
Bryant-Foley,3,Snack,Indulge in the Richness of Fine Dining,11
Massey Ltd,9,Meal,Sumptuous Feast with Culinary Delights,29
Hansen LLC,6,Meal,Satisfy Your Cravings with Our Signature Snacks,13
Scott-Martin,1,Meal,Gourmet Finger Foods for Special Occasions,28
Thompson-Wilson,14,Meal,Innovative and Flavorful Meal Creations,22
Mcdonald-Gould,4,Meal,Exquisite Mediterranean Flavors in Every Bite,7
Huynh-Howard,5,Snack,Deliciously Curated Menu for Discerning Tastes,27
Anderson Ltd,20,Meal,Exquisite Mediterranean Flavors in Every Bite,22
Schwartz-Allen,10,Snack,Healthy Grilled Options for Fitness Enthusiasts,6
Robinson-Kennedy,2,Meal,Healthy Grilled Options for Fitness Enthusiasts,29
Weaver Inc,2,Meal,Healthy Grilled Options for Fitness Enthusiasts,23
"King, Ortiz and Davis",10,Snack,Satisfy Your Cravings with Our Signature Snacks,18
Robinson Ltd,20,Snack,Indulge in the Richness of Fine Dining,12
Dalton-Moreno,20,Snack,Innovative and Flavorful Meal Creations,6
"Miller, Lawrence and Gomez",19,Meal,Healthy Grilled Options for Fitness Enthusiasts,15
"Jones, Evans and Rodriguez",19,Snack,Gourmet Finger Foods for Special Occasions,20
Anderson and Sons,8,Meal,Decadent Chocolate Dessert Delight,9
Johnston Inc,12,Meal,Satisfy Your Cravings with Our Signature Snacks,30
Meyer-Walton,20,Meal,Sumptuous Feast with Culinary Delights,19
Gardner LLC,5,Meal,A Symphony of Flavors in Every Course,13
Harris-Wilkins,3,Snack,Savory and Satisfying Home-Style Meal,8
"Adams, Williams and Fischer",9,Meal,Decadent Chocolate Dessert Delight,5
"Kelly, Oneal and Bradley",10,Snack,Sumptuous Feast with Culinary Delights,14
"Cortez, Wiggins and Anderson",18,Snack,A Symphony of Flavors in Every Course,19
Ayala-Walton,13,Meal,Elevate Your Palate with Culinary Masterpieces,8
Fields Group,16,Snack,Innovative and Flavorful Meal Creations,29
Miller LLC,5,Snack,Elevate Your Palate with Culinary Masterpieces,17
Smith LLC,5,Snack,Savory and Satisfying Home-Style Meal,19
Owens Inc,20,Snack,Crispy Snack Platter with Zesty Dips,26
Robles-Kennedy,7,Meal,Deliciously Curated Menu for Discerning Tastes,23
Jones Ltd,8,Meal,Savory and Satisfying Home-Style Meal,15
James-Bowers,6,Meal,Elevate Your Palate with Culinary Masterpieces,26
"Brown, Boyd and Booth",10,Meal,Crispy Snack Platter with Zesty Dips,24
"Stein, Schneider and Vang",1,Meal,Exquisite Mediterranean Flavors in Every Bite,13
Warner Group,12,Snack,Sumptuous Feast with Culinary Delights,18
Woods-Garcia,2,Snack,Crispy Snack Platter with Zesty Dips,14
Daniels-Martinez,9,Snack,Innovative and Flavorful Meal Creations,12
Osborne-Williams,17,Snack,Exquisite Mediterranean Flavors in Every Bite,27
"Hill, Figueroa and Downs",3,Meal,Savory and Satisfying Home-Style Meal,29
Chapman Group,13,Snack,Sumptuous Feast with Culinary Delights,29
"Lee, Mills and Hunter",9,Meal,Hearty and Wholesome Dinner Selection,18
"Moore, Ellis and Morse",11,Meal,Savory and Satisfying Home-Style Meal,11
Bautista Ltd,14,Snack,A Symphony of Flavors in Every Course,19
Short and Sons,2,Meal,Indulge in the Richness of Fine Dining,27
Smith-Owens,5,Snack,Indulge in the Richness of Fine Dining,23
"Andrews, Gilbert and Underwood",4,Meal,Decadent Chocolate Dessert Delight,20
Carter-Santiago,18,Meal,Innovative and Flavorful Meal Creations,14
Andrews-Beard,15,Snack,Sumptuous Feast with Culinary Delights,16
Cochran Inc,8,Meal,Innovative and Flavorful Meal Creations,9
Hopkins-Ramirez,1,Snack,Elevate Your Palate with Culinary Masterpieces,10
"Stephens, Wilson and York",2,Meal,Hearty and Wholesome Dinner Selection,12
"Hamilton, Oliver and Costa",12,Snack,Innovative and Flavorful Meal Creations,15
"Callahan, Vargas and Walker",2,Meal,Satisfy Your Cravings with Our Signature Snacks,21
Cantu-Harris,20,Snack,Elevate Your Palate with Culinary Masterpieces,29
Barr-Banks,11,Snack,Savory and Satisfying Home-Style Meal,27
Mcconnell-Johnson,13,Snack,Satisfy Your Cravings with Our Signature Snacks,19
Elliott Ltd,6,Snack,Gourmet Finger Foods for Special Occasions,7
Beltran-Bailey,5,Snack,Hearty and Wholesome Dinner Selection,12
"Williams, Fletcher and Bond",13,Meal,Hearty and Wholesome Dinner Selection,24
"Scott, Evans and Smith",3,Snack,Decadent Chocolate Dessert Delight,22
"Robles, Farley and Kline",10,Meal,Vegetarian Delight with Fresh Herbs,15
"Powell, Hudson and Beck",17,Snack,Sumptuous Feast with Culinary Delights,27
Boyer Inc,11,Meal,Elevate Your Palate with Culinary Masterpieces,6
"Johnson, Patterson and Dunn",6,Meal,Gourmet Finger Foods for Special Occasions,9
Salazar-Jones,9,Meal,A Symphony of Flavors in Every Course,15
Brock-Perez,11,Meal,Exquisite Mediterranean Flavors in Every Bite,16
"Fischer, Harris and Garza",18,Snack,Indulge in the Richness of Fine Dining,10
Miranda Group,16,Meal,Gourmet Finger Foods for Special Occasions,5
Love-Castro,1,Meal,A Symphony of Flavors in Every Course,27
Sanchez-Jordan,4,Snack,Satisfy Your Cravings with Our Signature Snacks,24
Moore Inc,7,Snack,Hearty and Wholesome Dinner Selection,12
King PLC,18,Snack,Vegetarian Delight with Fresh Herbs,9
Stephens-Key,4,Meal,Crispy Snack Platter with Zesty Dips,26
"West, Jackson and Cooper",10,Snack,Deliciously Curated Menu for Discerning Tastes,8
Garcia and Sons,19,Meal,A Symphony of Flavors in Every Course,19
Farmer-Bradley,1,Meal,Indulge in the Richness of Fine Dining,22
Hill-Martin,13,Snack,Healthy Grilled Options for Fitness Enthusiasts,15
Malone-Payne,17,Snack,Savory and Satisfying Home-Style Meal,29
"Sanchez, Charles and Summers",11,Meal,Sumptuous Feast with Culinary Delights,15
Mack-Vasquez,18,Meal,Decadent Chocolate Dessert Delight,16
Freeman-Ortega,1,Meal,Gourmet Finger Foods for Special Occasions,12
Beck Inc,9,Meal,Crispy Snack Platter with Zesty Dips,7
"Santiago, Martin and Gonzalez",17,Snack,Exquisite Mediterranean Flavors in Every Bite,23
Smith-Gillespie,7,Meal,Decadent Chocolate Dessert Delight,29
Gilbert-Gutierrez,16,Meal,Indulge in the Richness of Fine Dining,19
"Walters, Rivera and Matthews",15,Snack,Innovative and Flavorful Meal Creations,15
"Christensen, Taylor and Clarke",16,Snack,Deliciously Curated Menu for Discerning Tastes,25
"Stewart, Hamilton and Gregory",13,Snack,Hearty and Wholesome Dinner Selection,7
Larson LLC,9,Meal,Gourmet Finger Foods for Special Occasions,19
Johnson and Sons,13,Meal,Deliciously Curated Menu for Discerning Tastes,24
Long-Morris,5,Meal,Innovative and Flavorful Meal Creations,28
Ortiz-Davis,15,Snack,Healthy Grilled Options for Fitness Enthusiasts,13
Phillips Ltd,6,Snack,Sumptuous Feast with Culinary Delights,17
Davis-Medina,5,Snack,Satisfy Your Cravings with Our Signature Snacks,24
Rodriguez and Sons,2,Meal,Elevate Your Palate with Culinary Masterpieces,27
"Wallace, Perez and George",3,Snack,Sumptuous Feast with Culinary Delights,17
Galloway-Davis,7,Snack,Vegetarian Delight with Fresh Herbs,12
"Rose, Parker and Lane",9,Snack,Innovative and Flavorful Meal Creations,15
Newman Inc,20,Meal,Healthy Grilled Options for Fitness Enthusiasts,21
"Williamson, Hester and Pennington",9,Snack,Savory and Satisfying Home-Style Meal,12
"Moore, Smith and Marshall",11,Snack,Hearty and Wholesome Dinner Selection,24
Choi-Rivera,10,Snack,Deliciously Curated Menu for Discerning Tastes,7
Singleton-Wright,8,Snack,Exquisite Mediterranean Flavors in Every Bite,25
Richardson-Williamson,13,Snack,Gourmet Finger Foods for Special Occasions,14
Rose Inc,12,Meal,Hearty and Wholesome Dinner Selection,21
Smith-Ferguson,18,Meal,Deliciously Curated Menu for Discerning Tastes,6
Russo and Sons,15,Snack,Elevate Your Palate with Culinary Masterpieces,29
"Wilson, Smith and Meyer",10,Meal,Deliciously Curated Menu for Discerning Tastes,6
Cole PLC,9,Meal,Sumptuous Feast with Culinary Delights,17
"Johnson, Yang and Hopkins",12,Meal,Savory and Satisfying Home-Style Meal,7
Moore-Rios,20,Meal,Elevate Your Palate with Culinary Masterpieces,19
Stephens-Johnson,5,Meal,Vegetarian Delight with Fresh Herbs,28
Strickland Inc,14,Meal,Deliciously Curated Menu for Discerning Tastes,16
Wilson-Pope,10,Snack,Gourmet Finger Foods for Special Occasions,30
Moore-Hutchinson,18,Snack,Exquisite Mediterranean Flavors in Every Bite,28
"Pacheco, Davis and Abbott",11,Meal,Innovative and Flavorful Meal Creations,25
Bullock-Alvarez,14,Snack,Decadent Chocolate Dessert Delight,23
"Frey, Yu and Dean",5,Snack,Crispy Snack Platter with Zesty Dips,12
"Ramos, Pope and Watson",1,Snack,Decadent Chocolate Dessert Delight,10
Camacho and Sons,14,Meal,Hearty and Wholesome Dinner Selection,19
Matthews-White,10,Snack,Elevate Your Palate with Culinary Masterpieces,26
"Frank, Vaughan and Gomez",2,Meal,Vegetarian Delight with Fresh Herbs,16
Campbell LLC,12,Snack,Healthy Grilled Options for Fitness Enthusiasts,26
Dunlap-Sloan,5,Meal,Gourmet Finger Foods for Special Occasions,18
"Moore, Huynh and Jackson",13,Meal,Innovative and Flavorful Meal Creations,17
"Alexander, Peters and Cunningham",20,Snack,Elevate Your Palate with Culinary Masterpieces,10
"Leon, Moses and Ford",13,Meal,A Symphony of Flavors in Every Course,11
"Stuart, Hernandez and Ball",20,Snack,Deliciously Curated Menu for Discerning Tastes,19
Stone-Graham,20,Snack,Vegetarian Delight with Fresh Herbs,15
"Simmons, Gonzalez and Frazier",2,Meal,Exquisite Mediterranean Flavors in Every Bite,13
Chambers-Avila,14,Meal,Sumptuous Feast with Culinary Delights,24
Curry-Green,6,Snack,Exquisite Mediterranean Flavors in Every Bite,12
Mcdonald PLC,12,Meal,Deliciously Curated Menu for Discerning Tastes,17
Lyons-Mcfarland,8,Snack,Healthy Grilled Options for Fitness Enthusiasts,11
"Humphrey, Smith and Glenn",11,Snack,Elevate Your Palate with Culinary Masterpieces,8
"Doyle, Baker and Davis",2,Snack,A Symphony of Flavors in Every Course,5
Reeves-Smith,10,Snack,Decadent Chocolate Dessert Delight,9
"Coleman, Phillips and Smith",3,Meal,Elevate Your Palate with Culinary Masterpieces,30
Roberts-Holt,20,Meal,Vegetarian Delight with Fresh Herbs,17
Buchanan-Benitez,16,Meal,Elevate Your Palate with Culinary Masterpieces,5
White-Hernandez,7,Meal,A Symphony of Flavors in Every Course,15
Mendez-Austin,8,Snack,Deliciously Curated Menu for Discerning Tastes,14
"Walsh, Garcia and Washington",4,Snack,Healthy Grilled Options for Fitness Enthusiasts,28
"Long, Lee and Harrison",6,Meal,Vegetarian Delight with Fresh Herbs,29
Kaufman-Decker,3,Snack,Savory and Satisfying Home-Style Meal,14
"Alexander, Campbell and Gutierrez",19,Meal,Deliciously Curated Menu for Discerning Tastes,9
"Lowery, Randall and Phillips",11,Meal,Decadent Chocolate Dessert Delight,8
Graham LLC,7,Snack,Deliciously Curated Menu for Discerning Tastes,12
"Brooks, Smith and Soto",17,Snack,Innovative and Flavorful Meal Creations,27
Elliott Ltd,20,Meal,Indulge in the Richness of Fine Dining,12
Collins-Meyer,20,Meal,Satisfy Your Cravings with Our Signature Snacks,22
Smith Inc,9,Snack,Healthy Grilled Options for Fitness Enthusiasts,11
"Hardy, Donaldson and Boone",2,Snack,Gourmet Finger Foods for Special Occasions,6
"Willis, Webb and Hunt",7,Meal,Satisfy Your Cravings with Our Signature Snacks,9
"Chandler, Rodriguez and Mcfarland",13,Meal,Sumptuous Feast with Culinary Delights,7
Martinez-Mitchell,12,Snack,Decadent Chocolate Dessert Delight,11
Noble LLC,1,Meal,Vegetarian Delight with Fresh Herbs,9
Davila-Everett,5,Snack,Indulge in the Richness of Fine Dining,13
Garza and Sons,2,Snack,Vegetarian Delight with Fresh Herbs,26
Marshall-Knight,1,Meal,Savory and Satisfying Home-Style Meal,30
Chang-Mendoza,8,Meal,Innovative and Flavorful Meal Creations,12
Cervantes Inc,1,Snack,Decadent Chocolate Dessert Delight,27
Singleton Inc,5,Meal,Elevate Your Palate with Culinary Masterpieces,17
Smith and Sons,18,Meal,Crispy Snack Platter with Zesty Dips,25
"Wu, James and Parker",6,Meal,Elevate Your Palate with Culinary Masterpieces,9
"Mitchell, Malone and Salazar",6,Meal,Hearty and Wholesome Dinner Selection,9
Johnson-Smith,14,Snack,Gourmet Finger Foods for Special Occasions,14
Dominguez and Sons,4,Meal,Crispy Snack Platter with Zesty Dips,22
Blankenship and Sons,12,Meal,Elevate Your Palate with Culinary Masterpieces,12
"Munoz, Johnson and Webb",2,Meal,Savory and Satisfying Home-Style Meal,29
Phillips PLC,5,Meal,Vegetarian Delight with Fresh Herbs,6
"Ruiz, Powers and George",19,Snack,Vegetarian Delight with Fresh Herbs,14
Smith-Sutton,12,Meal,A Symphony of Flavors in Every Course,6
Massey-Martin,17,Snack,Exquisite Mediterranean Flavors in Every Bite,24
Rowe-Lopez,14,Snack,Savory and Satisfying Home-Style Meal,14
"Curry, Garcia and Chambers",10,Meal,Exquisite Mediterranean Flavors in Every Bite,14
Werner Inc,18,Snack,Vegetarian Delight with Fresh Herbs,15
Bates-Johnson,14,Snack,Sumptuous Feast with Culinary Delights,10
"Lloyd, Whitney and Ross",2,Meal,Hearty and Wholesome Dinner Selection,27
Smith-Murillo,14,Meal,Innovative and Flavorful Meal Creations,8
Vance-Pierce,18,Meal,Gourmet Finger Foods for Special Occasions,24
Phelps Inc,6,Meal,Healthy Grilled Options for Fitness Enthusiasts,17
"Myers, Cannon and Bernard",5,Meal,Deliciously Curated Menu for Discerning Tastes,5
Carter Group,2,Snack,Deliciously Curated Menu for Discerning Tastes,17
"Kane, Rowe and Haas",4,Meal,Crispy Snack Platter with Zesty Dips,19
Collins-Morgan,5,Snack,A Symphony of Flavors in Every Course,19
Aguilar-Lynch,18,Snack,Exquisite Mediterranean Flavors in Every Bite,10
Parker PLC,12,Meal,Decadent Chocolate Dessert Delight,13
"Vargas, Graham and Anderson",5,Snack,Vegetarian Delight with Fresh Herbs,9
Cardenas-Pineda,13,Snack,Indulge in the Richness of Fine Dining,5
"Reid, Brown and Horton",8,Meal,Sumptuous Feast with Culinary Delights,8
"Gill, Robertson and Daniels",6,Snack,Savory and Satisfying Home-Style Meal,26
Cobb-Weaver,11,Meal,Crispy Snack Platter with Zesty Dips,25
Morris-Delgado,12,Meal,Indulge in the Richness of Fine Dining,24
Rivera and Sons,14,Snack,Gourmet Finger Foods for Special Occasions,21
Garcia-Woods,9,Snack,Innovative and Flavorful Meal Creations,8
"Valentine, Reed and Singleton",12,Snack,Elevate Your Palate with Culinary Masterpieces,14
"Russell, Turner and Martinez",6,Meal,Exquisite Mediterranean Flavors in Every Bite,25
Jones Group,3,Meal,Sumptuous Feast with Culinary Delights,5
"Sanchez, Sexton and Hickman",18,Snack,Satisfy Your Cravings with Our Signature Snacks,18
Stevens-Harris,1,Snack,Sumptuous Feast with Culinary Delights,18
"Kemp, Cruz and Suarez",11,Snack,Savory and Satisfying Home-Style Meal,25
Byrd-Hammond,18,Snack,Gourmet Finger Foods for Special Occasions,9
Mcdaniel-Stewart,17,Meal,Crispy Snack Platter with Zesty Dips,11
Mcfarland-Caldwell,6,Meal,Gourmet Finger Foods for Special Occasions,19
"Fields, Russell and Chapman",12,Meal,Deliciously Curated Menu for Discerning Tastes,5
"Hardy, Jones and Sanchez",13,Meal,A Symphony of Flavors in Every Course,22
Allen PLC,10,Snack,Gourmet Finger Foods for Special Occasions,20
Young-Hill,2,Meal,Crispy Snack Platter with Zesty Dips,26
"Colon, Miller and Carlson",20,Snack,A Symphony of Flavors in Every Course,8
Johnson Inc,19,Snack,Crispy Snack Platter with Zesty Dips,7
Warner-Perez,5,Meal,Savory and Satisfying Home-Style Meal,30
"Watson, Davis and Walsh",13,Meal,Innovative and Flavorful Meal Creations,30
"Willis, Lee and Case",4,Meal,Crispy Snack Platter with Zesty Dips,15
Diaz-Rivers,8,Meal,Elevate Your Palate with Culinary Masterpieces,18
Larson Group,8,Meal,Indulge in the Richness of Fine Dining,10
"Bruce, Lang and Allen",3,Meal,Hearty and Wholesome Dinner Selection,26
Manning-Price,16,Snack,Innovative and Flavorful Meal Creations,11
"Shannon, Avery and Duffy",4,Snack,Deliciously Curated Menu for Discerning Tastes,13
Gould and Sons,7,Snack,Deliciously Curated Menu for Discerning Tastes,23
Walker PLC,15,Meal,Sumptuous Feast with Culinary Delights,7
Cook-Vargas,7,Snack,Deliciously Curated Menu for Discerning Tastes,29
Gonzales Ltd,5,Meal,Deliciously Curated Menu for Discerning Tastes,13
"Carney, Berry and Mendez",17,Snack,Savory and Satisfying Home-Style Meal,16
Becker-Jackson,5,Snack,Decadent Chocolate Dessert Delight,8
Smith-Pugh,3,Snack,Innovative and Flavorful Meal Creations,27
Bailey and Sons,4,Snack,Savory and Satisfying Home-Style Meal,16
"Hill, Howard and Castro",15,Snack,Gourmet Finger Foods for Special Occasions,23
Coleman Inc,3,Meal,Hearty and Wholesome Dinner Selection,22
Jimenez and Sons,2,Snack,Sumptuous Feast with Culinary Delights,7
Proctor-Perez,11,Snack,Hearty and Wholesome Dinner Selection,16
"Ortiz, Williams and Flores",15,Snack,Deliciously Curated Menu for Discerning Tastes,20
"Peterson, Lowery and Munoz",13,Snack,Crispy Snack Platter with Zesty Dips,30
"Pena, Shah and Ross",2,Meal,Healthy Grilled Options for Fitness Enthusiasts,12
"Moore, Davis and Melendez",17,Meal,Decadent Chocolate Dessert Delight,19
"Rollins, Montoya and Villanueva",9,Meal,Decadent Chocolate Dessert Delight,30
Burke Ltd,3,Meal,Deliciously Curated Menu for Discerning Tastes,5
Williams Inc,11,Meal,Healthy Grilled Options for Fitness Enthusiasts,8
Farley LLC,3,Meal,Elevate Your Palate with Culinary Masterpieces,9
Burnett-Robinson,20,Meal,Gourmet Finger Foods for Special Occasions,26
"Gibson, Rose and Lane",9,Snack,Indulge in the Richness of Fine Dining,19
Edwards-Wells,6,Snack,Sumptuous Feast with Culinary Delights,24
"Gibson, Bailey and Allen",4,Snack,Vegetarian Delight with Fresh Herbs,15
Chavez Group,17,Meal,Elevate Your Palate with Culinary Masterpieces,26
Medina-Avila,7,Meal,Savory and Satisfying Home-Style Meal,8
Martinez Inc,11,Snack,Hearty and Wholesome Dinner Selection,24
Hill LLC,7,Meal,Indulge in the Richness of Fine Dining,22
"Baker, Hicks and Rivas",19,Meal,Healthy Grilled Options for Fitness Enthusiasts,16
"Solomon, Smith and Gray",18,Meal,Gourmet Finger Foods for Special Occasions,6
Hall Ltd,17,Meal,Innovative and Flavorful Meal Creations,19
Howard and Sons,13,Meal,Healthy Grilled Options for Fitness Enthusiasts,25
Owens-Mata,6,Snack,Sumptuous Feast with Culinary Delights,14
Horn LLC,6,Snack,Deliciously Curated Menu for Discerning Tastes,7
"Pearson, Nichols and Fisher",15,Snack,Elevate Your Palate with Culinary Masterpieces,6
"Kemp, Jenkins and Johnson",5,Snack,Innovative and Flavorful Meal Creations,27
Reese-Rivera,16,Snack,Satisfy Your Cravings with Our Signature Snacks,27
"Montgomery, Frye and Sims",12,Snack,Sumptuous Feast with Culinary Delights,22
"Warren, Neal and Gibson",14,Meal,Hearty and Wholesome Dinner Selection,10
"Walters, Martin and Williams",6,Meal,Hearty and Wholesome Dinner Selection,22
Jones-Evans,16,Snack,Satisfy Your Cravings with Our Signature Snacks,29
Mathis-Conrad,8,Snack,Vegetarian Delight with Fresh Herbs,21
"Bennett, Shields and Wheeler",10,Meal,Hearty and Wholesome Dinner Selection,14
"Kramer, Herrera and Villarreal",19,Snack,Gourmet Finger Foods for Special Occasions,10
Hernandez PLC,17,Meal,Savory and Satisfying Home-Style Meal,30
"Bradley, Garcia and Gomez",9,Meal,Elevate Your Palate with Culinary Masterpieces,21
"Martinez, Lopez and Caldwell",1,Snack,Innovative and Flavorful Meal Creations,7
Bennett Ltd,15,Snack,Vegetarian Delight with Fresh Herbs,21
Williams Group,12,Meal,Indulge in the Richness of Fine Dining,12
Rivera-Roth,13,Snack,Deliciously Curated Menu for Discerning Tastes,14
"Nicholson, Price and Fleming",19,Snack,Gourmet Finger Foods for Special Occasions,29
Frederick Ltd,1,Snack,A Symphony of Flavors in Every Course,24
"Yoder, Powell and Robinson",14,Snack,Indulge in the Richness of Fine Dining,15
Peterson-Brown,4,Snack,Decadent Chocolate Dessert Delight,7
Newton-Anderson,9,Meal,Gourmet Finger Foods for Special Occasions,29
Oconnell-Smith,17,Snack,Sumptuous Feast with Culinary Delights,15
Young Ltd,2,Snack,Crispy Snack Platter with Zesty Dips,16
Williams-Peterson,4,Meal,A Symphony of Flavors in Every Course,18
Adkins Inc,18,Snack,A Symphony of Flavors in Every Course,7
White-Collins,13,Snack,A Symphony of Flavors in Every Course,7
Weiss-Mccormick,20,Snack,Healthy Grilled Options for Fitness Enthusiasts,23
Moore-Mendoza,20,Meal,Gourmet Finger Foods for Special Occasions,12
Smith LLC,19,Snack,Gourmet Finger Foods for Special Occasions,16
Rodriguez-Hart,13,Meal,Sumptuous Feast with Culinary Delights,11
"Mcdaniel, Frank and White",4,Meal,Vegetarian Delight with Fresh Herbs,9
Allen LLC,3,Meal,Exquisite Mediterranean Flavors in Every Bite,6
"Jackson, Davis and Gordon",16,Snack,Vegetarian Delight with Fresh Herbs,10
Hale-Hoffman,1,Snack,Exquisite Mediterranean Flavors in Every Bite,6
Smith-Sanchez,17,Meal,Satisfy Your Cravings with Our Signature Snacks,23
"Crosby, Robertson and Smith",7,Meal,Healthy Grilled Options for Fitness Enthusiasts,26
Shelton-Morgan,5,Snack,Savory and Satisfying Home-Style Meal,12
"Obrien, Turner and Tucker",17,Meal,Crispy Snack Platter with Zesty Dips,11
Thompson-Singleton,11,Meal,Savory and Satisfying Home-Style Meal,22
Williams-Callahan,9,Meal,Vegetarian Delight with Fresh Herbs,21
"Carson, Santana and Hawkins",11,Snack,Sumptuous Feast with Culinary Delights,26
Harris-Doyle,17,Meal,Deliciously Curated Menu for Discerning Tastes,19
Hicks PLC,14,Meal,A Symphony of Flavors in Every Course,28
Holland and Sons,3,Snack,Hearty and Wholesome Dinner Selection,8
"Dominguez, Williams and Nguyen",8,Snack,Exquisite Mediterranean Flavors in Every Bite,16
Parker-Giles,12,Snack,Exquisite Mediterranean Flavors in Every Bite,11
"Bauer, Matthews and Floyd",2,Snack,Savory and Satisfying Home-Style Meal,23
Jones-Franklin,5,Snack,Gourmet Finger Foods for Special Occasions,18
"Simpson, Henderson and Freeman",4,Snack,Hearty and Wholesome Dinner Selection,13
Harvey-Walker,2,Snack,Deliciously Curated Menu for Discerning Tastes,19
Hall Inc,11,Meal,Elevate Your Palate with Culinary Masterpieces,26
Harris and Sons,11,Snack,Hearty and Wholesome Dinner Selection,24
Morgan and Sons,12,Snack,Indulge in the Richness of Fine Dining,16
Ellis PLC,12,Meal,Exquisite Mediterranean Flavors in Every Bite,16
"Blackburn, Casey and Johnson",10,Meal,Decadent Chocolate Dessert Delight,12
Bright-Mendez,16,Meal,Indulge in the Richness of Fine Dining,6
Scott Ltd,20,Snack,Deliciously Curated Menu for Discerning Tastes,19
Hudson LLC,14,Snack,Exquisite Mediterranean Flavors in Every Bite,5
"Rodriguez, Alvarado and Williams",3,Snack,Sumptuous Feast with Culinary Delights,18
"Stout, Carter and Brown",10,Meal,Indulge in the Richness of Fine Dining,5
Young-Michael,10,Meal,Healthy Grilled Options for Fitness Enthusiasts,7
"Mullen, Phelps and Shannon",13,Snack,Gourmet Finger Foods for Special Occasions,19
Nguyen-Tucker,4,Snack,Vegetarian Delight with Fresh Herbs,24
Glass-Clark,4,Snack,Deliciously Curated Menu for Discerning Tastes,10
Porter-York,2,Meal,Indulge in the Richness of Fine Dining,15
Jones Group,19,Snack,A Symphony of Flavors in Every Course,13
Fisher-Edwards,5,Snack,Crispy Snack Platter with Zesty Dips,18
"Jones, Palmer and Cole",15,Snack,Savory and Satisfying Home-Style Meal,28
Davis-Mcfarland,6,Snack,Elevate Your Palate with Culinary Masterpieces,10
Pierce-Cook,2,Meal,Satisfy Your Cravings with Our Signature Snacks,6
"Chapman, Randolph and Jenkins",2,Snack,Deliciously Curated Menu for Discerning Tastes,6
Gonzalez and Sons,6,Snack,Elevate Your Palate with Culinary Masterpieces,28
Park-Allen,3,Meal,Satisfy Your Cravings with Our Signature Snacks,25
Harrington Ltd,15,Snack,A Symphony of Flavors in Every Course,17
Russell-Martin,7,Snack,Savory and Satisfying Home-Style Meal,25
"Smith, Tran and Phillips",1,Meal,Satisfy Your Cravings with Our Signature Snacks,8
Martin PLC,14,Snack,Sumptuous Feast with Culinary Delights,16
Ellis-Luna,17,Meal,Savory and Satisfying Home-Style Meal,25
"Robinson, Zuniga and Reyes",18,Snack,A Symphony of Flavors in Every Course,11
Bryant-Wood,20,Meal,Gourmet Finger Foods for Special Occasions,27
Tucker-Chambers,11,Snack,Savory and Satisfying Home-Style Meal,29
Gardner and Sons,19,Meal,Indulge in the Richness of Fine Dining,19
Vasquez Group,4,Meal,Satisfy Your Cravings with Our Signature Snacks,19
Manning LLC,14,Meal,A Symphony of Flavors in Every Course,16
Greer-Lopez,4,Snack,A Symphony of Flavors in Every Course,11
"Thomas, Smith and Liu",6,Meal,Gourmet Finger Foods for Special Occasions,20
"Hamilton, Porter and Carr",5,Meal,Healthy Grilled Options for Fitness Enthusiasts,16
"Moran, Vaughn and Gross",5,Meal,Exquisite Mediterranean Flavors in Every Bite,12
Price PLC,10,Meal,Indulge in the Richness of Fine Dining,5
Lewis Ltd,2,Snack,Sumptuous Feast with Culinary Delights,29
"Johnson, Contreras and Morris",16,Snack,Decadent Chocolate Dessert Delight,28
Hoover Inc,11,Meal,Satisfy Your Cravings with Our Signature Snacks,19
Coleman and Sons,8,Snack,Hearty and Wholesome Dinner Selection,24
Harper Group,14,Meal,Indulge in the Richness of Fine Dining,5
Williams Inc,5,Meal,Indulge in the Richness of Fine Dining,21
Owen PLC,17,Meal,Crispy Snack Platter with Zesty Dips,9
Strickland-Cervantes,20,Snack,Crispy Snack Platter with Zesty Dips,23
"Foley, Chambers and Turner",6,Snack,A Symphony of Flavors in Every Course,14
